Size,Malloc,Free
1, 0.000002, 0.000001
10, 0.000002, 0.000001
100, 0.000002, 0.000001
1000, 0.000007, 0.000001
10000, 0.000052, 0.000001
100000, 0.000392, 0.000001
