Size,Malloc,Free
1, 0.000002, 0.000002
10, 0.000002, 0.000001
100, 0.000002, 0.000001
1000, 0.000007, 0.000004
10000, 0.000034, 0.000013
100000, 0.000272, 0.000049