Size,Malloc,Free
1, 0.000002, 0.000001
10, 0.000002, 0.000001
100, 0.000003, 0.000001
1000, 0.000006, 0.000001
10000, 0.000039, 0.000001
100000, 0.000507, 0.000001