NumCalls,Time
1, 0.000005
10, 0.000108
100, 0.000121
1000, 0.000295
10000, 0.004755
100000, 0.13957
1000000, 1.997551
