NumCalls,Time
1, 0.000005
10, 0.00012
100, 0.000098
1000, 0.000246
10000, 0.005534
100000, 0.117139
1000000, 1.338164
