NumCalls,Time
1, 0.000005
10, 0.00008
100, 0.000098
1000, 0.000308
10000, 0.005191
100000, 0.110219
1000000, 1.898988
